{
    "data":[
        {
            "name":"Lion",
            "thumbnail":"https://kopelion.org/wp-content/uploads/2016/10/Kimani.jpg",
            "region":"Africa",
            "stats":{
                "max_weight":180,
                "length":250
            }
        },
        {
            "name":"Elephant",
            "thumbnail":"https://img1.cgtrader.com/items/850581/6dd50a4a43/large/animated-elephant-3d-model-3d-model-low-poly-animated-rigged-max-fbx.jpg",
            "region":"Asia",
            "stats":{
                "max_weight":5000,
                "length":300
            }
        },
        {
            "name":"Tiger",
            "thumbnail":"https://give.bornfree.org.uk/cache/images/19/74/jasper-1168-500.jpg",
            "region":"Asia",
            "stats":{
                "max_weight":120,
                "length":240
            }
        },
        {
            "name":"Wolf",
            "thumbnail":"http://www.alexandra-renke.com/WebRoot/Store20/Shops/64245756/5432/8DBB/AAF0/2625/AC7C/C0A8/2BB8/A291/G-A-13308095_Serviette_wolf_alexandraRenke.jpg",
            "region":"Europe",
            "stats":{
                "max_weight":90,
                "length":140
            }
        },
        {
            "name":"Snake",
            "thumbnail":"https://cdn.shopify.com/s/files/1/2119/1111/products/snake-coiled-1476966634.jpg?v=1499555302",
            "region":"South America",
            "stats":{
                "max_weight":200,
                "length":500
            }
        },
        {
            "name":"Parrot",
            "thumbnail":"http://farm9.static.flickr.com/8513/29207192071_7bcb5fcb89.jpg",
            "region":"South America",
            "stats":{
                "max_weight":3,
                "length":30
            }
        },
        {
            "name":"Rabbit",
            "thumbnail":"http://rabbits.life/wp-content/uploads/2013/06/Background-rabbits-life-little.jpg",
            "region":"Europe",
            "stats":{
                "max_weight":8,
                "length":50
            }
        },
        {
            "name":"Unicorn",
            "thumbnail":"https://www.gardensparkle.com.au/wp-content/uploads/2016/06/Rainbow-Unicorn-Garden-Sparkle-Fairy-Gardens-Australia.jpg",
            "region":"Imagination",
            "stats":{
                "max_weight":250,
                "length":150
            }
        },
        {
            "name":"Orc",
            "thumbnail":"http://nerdreactor.com/wp-content/uploads/2015/05/Warcraft_Orgrim_Action-932x621-500x500_c.jpg",
            "region":"Orgrimmar",
            "stats":{
                "max_weight":300,
                "length":250
            }
        }
    ]
}
